repo_name,repoType,sizeUsers,status,lifeSpan,authors,commits,pulls,issues,comments,reviews,language
abrahamgreyson/laravel-mns,User,2,Dead,35,8,60,2,5,11,0,Laravel
actuallymab/laravel-comment,User,3,Alive,60,62,65,30,40,53,1,Laravel
akalongman/laravel-multilang,User,3,Alive,64,19,181,12,12,25,0,Laravel
akhileshdarjee/origin-cms,User,1,Alive,22,2,34,6,0,4,0,Laravel
akmuhammet/activitylog,User,1,Dead,0,1,18,0,0,0,0,Laravel
appoets/default-installer,Organization,1,Dead,10,1,15,1,0,0,0,Laravel
appstract/laravel-tracer,Organization,2,Dead,16,7,86,6,0,4,0,Laravel
arandilopez/laravel-profane,User,3,Alive,62,42,136,41,10,56,3,Laravel
artkonekt/appshell,Organization,2,Alive,59,14,465,14,12,53,5,Laravel
atomescrochus/laravel-gracenote,Organization,2,Dead,33,4,73,15,3,10,0,Laravel
cevv13/form-ajax-submit,User,1,Dead,6,2,15,0,1,0,0,Laravel
codedge/laravel-fpdf,User,3,Alive,64,71,188,86,32,93,5,Laravel
codedge/laravel-selfupdater,User,3,Alive,62,43,520,221,38,253,9,Laravel
codedge/laravel-sofortlib,User,2,Alive,64,3,75,42,1,20,0,Laravel
core-system/bootstrap-form,Organization,2,Dead,32,14,15,4,9,13,1,Laravel
czim/laravel-listify,User,1,Dead,43,1,58,0,1,0,0,Laravel
deathkel/apitest,User,1,Dead,24,1,47,9,0,0,0,Laravel
devemio/elasticsearch-eloquent,User,2,Alive,61,7,146,8,16,14,0,Laravel
dmitry-ivanov/laravel-console-logger,User,2,Alive,64,15,729,4,10,47,10,Laravel
dmitry-ivanov/laravel-console-mutex,User,3,Alive,60,22,387,12,13,62,0,Laravel
dmitry-ivanov/laravel-db-profiler,User,2,Alive,54,12,273,2,7,15,0,Laravel
dmitry-ivanov/laravel-helper-functions,User,2,Alive,56,10,496,3,4,23,0,Laravel
dmitry-ivanov/laravel-testing-tools,User,2,Alive,51,5,568,2,2,7,0,Laravel
eliurkis/crud,User,1,Dead,27,1,111,18,0,0,0,Laravel
ericmakesstuff/laravel-server-monitor,Organization,2,Dead,41,11,27,11,7,17,0,Laravel
fobiaphp/laravel-sphinx,Organization,2,Alive,57,10,105,14,0,2,0,Laravel
geekcom/validator-docs,User,3,Alive,61,69,204,91,32,144,11,Laravel
gitscrum-ce/laravel-gitscrum,Organization,3,Alive,59,258,714,205,145,394,5,Laravel
hazestudio/laravel-gopay-sdk,Organization,2,Dead,51,9,18,3,3,4,1,Laravel
heshanh/gofax,User,1,Dead,15,1,6,0,0,0,0,Laravel
irazasyed/jwt-auth-guard,User,3,Zombie,69,84,28,9,38,113,0,Laravel
josh-taylor/migrations-generator,User,1,Dead,5,2,23,0,3,0,0,Laravel
josh-taylor/simple-sitemap,User,1,Dead,0,0,1,0,0,0,0,Laravel
jpmurray/laravel-rrule,User,1,Dead,2,2,52,4,7,1,0,Laravel
kblais/query-filter,User,2,Alive,61,5,56,15,4,7,1,Laravel
kimmelsg/cj-google-geocoder,Organization,2,Dead,27,4,34,4,0,3,3,Laravel
kimmelsg/cj-temporal-models,Organization,2,Dead,13,5,61,10,0,7,0,Laravel
larapack/hooks,Organization,3,Zombie,56,22,161,40,12,41,0,Laravel
larapack/voyager-hooks,Organization,3,Zombie,57,29,63,21,15,62,12,Laravel
laravel-notification-channels/hipchat,Organization,2,Dead,37,18,95,16,6,20,0,Laravel
laravel-notification-channels/pushbullet,Organization,2,Alive,62,17,105,37,12,35,0,Laravel
laravel-notification-channels/telegram,Organization,3,Alive,62,137,156,55,65,236,5,Laravel
laravel-notification-channels/twitter,Organization,3,Alive,55,66,149,43,34,211,1,Laravel
laravel-notification-channels/vwo-engage,Organization,2,Dead,47,5,27,2,5,17,0,Laravel
laravelhungary/laravel-barion,Organization,1,Dead,47,2,46,7,1,0,0,Laravel
lehoangduc/laravel-packages,User,1,Dead,1,2,6,1,0,0,0,Laravel
midnite81/geolocation,User,2,Dead,48,7,40,5,3,18,2,Laravel
mojoblanco/my-fav-laravel-packages,User,1,Dead,12,1,14,0,0,0,0,Laravel
mul14/lang-detector,User,1,Dead,0,1,1,0,0,0,0,Laravel
musonza/chat,User,3,Alive,67,166,325,130,158,529,47,Laravel
nikaia/translation-sheet,Organization,3,Alive,59,53,168,42,28,69,5,Laravel
otherguy/laravel-error-handler,User,2,Dead,37,4,29,2,0,3,0,Laravel
padosoft/laravel-affiliate-network,Organization,2,Alive,59,13,247,2,4,4,0,Laravel
padosoft/laravel-google-structured-data-testing-tool,Organization,2,Dead,34,4,17,1,5,6,0,Laravel
padosoft/laravel-request,Organization,1,Dead,34,1,22,0,0,0,0,Laravel
padosoft/laravel-support,Organization,2,Alive,58,3,9,5,1,1,0,Laravel
padosoft/laravel-test,Organization,1,Dead,7,2,30,0,0,0,0,Laravel
padosoft/laravel-uploadable,Organization,2,Alive,58,5,28,6,4,6,0,Laravel
pmatseykanets/laravel-scout-postgres,User,3,Alive,59,48,110,24,22,72,0,Laravel
pyaesone17/active-state,User,2,Dead,36,13,47,4,6,23,0,Laravel
ramadani/catagger,User,1,Dead,0,1,13,0,0,0,0,Laravel
ricoa/laravel-auth,User,2,Dead,22,3,40,2,0,0,0,Laravel
rtamizh/realtime-push,User,1,Dead,0,1,18,0,0,0,0,Laravel
ryanwinchester/laravel-paginates,User,1,Dead,13,1,19,0,0,0,0,Laravel
sebdesign/artisan-cloudflare,User,2,Zombie,58,15,51,6,12,42,0,Laravel
sebdesign/laravel-elixir-sri,User,1,Dead,41,2,6,1,0,1,0,Laravel
sebdesign/laravel-sri,User,2,Alive,55,6,31,6,2,17,0,Laravel
sebdesign/laravel-viva-payments,User,3,Alive,67,19,94,8,17,42,0,Laravel
skybluesofa/laravel-followers,User,2,Zombie,60,5,38,2,3,2,1,Laravel
skybluesofa/laravel-microblog,User,1,Dead,39,1,23,0,0,0,0,Laravel
softon/laravel-face-detect,User,2,Alive,58,7,6,1,6,6,0,Laravel
squareboat/flash,Organization,1,Dead,1,1,22,0,0,0,0,Laravel
squareboat/sneaker,Organization,3,Zombie,56,95,48,21,41,138,1,Laravel
summerblue/administrator,User,3,Dead,53,29,55,10,19,20,2,Laravel
svenluijten/package-skeleton,User,1,Alive,60,2,64,1,0,1,0,Laravel
taylornetwork/name-formatter,Organization,1,Dead,27,1,20,2,0,0,0,Laravel
teamtnt/laravel-scout-tntsearch-driver,Organization,3,Alive,61,641,262,87,243,994,4,Laravel
tequilarapido/api-response,Organization,1,Alive,58,2,50,14,0,2,0,Laravel
unicodeveloper/laravel-identify,User,2,Dead,56,18,70,20,7,39,2,Laravel
yokesharun/ping-on-terminal,User,1,Dead,12,1,15,1,0,0,0,Laravel
75lb/fs-then-native,User,2,Dead,8,2,19,1,0,1,0,NPM
aaron9000/csvutil,User,1,Dead,8,1,51,2,5,0,0,NPM
ahtohbi4/matrix-slicer,User,2,Dead,44,3,148,2,0,5,0,NPM
alissonmbr/dirtree2json,User,1,Dead,31,1,22,0,1,0,0,NPM
amandeepmittal/robotize,User,2,Dead,44,4,7,1,2,26,0,NPM
amitnavindgi/npm-amitnavindgi,User,1,Dead,2,1,6,0,0,0,0,NPM
andwoo/jsonmake,User,1,Dead,1,1,11,0,0,0,0,NPM
angrykoala/chuckscript,User,2,Dead,22,4,22,0,17,6,0,NPM
ankeetmaini/react-infinite-scroll-component,User,3,Alive,67,938,214,116,185,787,41,NPM
apache/incubator-flagon-useralejs,Organization,3,Alive,64,14,390,126,47,254,31,NPM
appvision-gmbh/json2typescript,Organization,3,Alive,59,165,195,39,130,642,31,NPM
arnellebalane/devcomic,User,1,Dead,33,1,73,2,4,2,0,NPM
arnellebalane/wifi-cli,User,2,Dead,20,3,48,2,1,3,1,NPM
aurbano/resource-path,User,1,Dead,2,1,26,0,0,0,0,NPM
av/dtg,User,1,Dead,0,1,5,0,0,0,0,NPM
badavis/strict-password-generator,User,3,Alive,57,8,26,10,3,6,1,NPM
barchart/alerts-client-js,Organization,3,Alive,68,6,1038,13,1,15,0,NPM
barchart/common-node-js,Organization,3,Alive,69,8,1952,3,1,1,0,NPM
bdadam/rollup-plugin-html,User,3,Dead,51,13,29,2,6,12,0,NPM
beeblebrox3/super-trim,User,2,Alive,58,2,13,17,0,12,1,NPM
bertolo1988/progress-barzz,User,2,Alive,55,2,26,2,0,0,0,NPM
bjaanes/gulp-clean-compiled-typescript,User,2,Dead,7,3,16,1,1,2,0,NPM
bkrem/make-toc.sh,User,1,Dead,4,1,118,0,10,2,0,NPM
blizarazu/csv-tools,User,2,Alive,59,2,39,6,0,1,0,NPM
breeswish/pinyinlite,User,3,Dead,37,21,22,0,9,27,0,NPM
canonical-web-and-design/global-nav,Organization,3,Alive,62,43,353,149,38,304,198,NPM
centagon/primer,Organization,2,Dead,12,4,181,13,1,3,5,NPM
cezaraugusto/nodejs-opensourceapi,User,1,Dead,0,1,2,0,0,0,0,NPM
codebling/csrf-simple-origin,User,2,Alive,53,2,42,2,0,0,0,NPM
corasan/leagueoflegends-node-api,User,2,Dead,16,2,89,0,1,3,0,NPM
cpapazaf/karma-prettybrowser-reporter,User,2,Dead,32,4,21,2,0,0,0,NPM
csabapalfi/freeagent,User,2,Dead,42,4,5,2,1,5,0,NPM
csabapalfi/github-markdown-html,User,2,Dead,42,4,59,16,1,76,0,NPM
csabapalfi/hapi-good-datadog,User,2,Dead,17,3,7,2,1,10,0,NPM
csabapalfi/html-webpack-uncss-plugin,User,2,Dead,20,3,18,5,2,18,0,NPM
cyrilwanner/npm-autoinstaller,User,2,Dead,36,5,59,19,13,46,1,NPM
darlanrod/input-range-scss,User,3,Zombie,68,23,45,11,9,33,0,NPM
davidpelayo/camel-case-object-keys,User,1,Dead,11,1,3,0,0,0,0,NPM
ddycai/chord-transposer,User,3,Alive,60,18,77,7,13,24,4,NPM
diegocosta/getvw,User,1,Dead,5,1,6,0,0,0,0,NPM
dmxt/beginner-windows-npm-gulp-webdev-tutorial,User,2,Dead,34,2,66,5,0,0,0,NPM
dvoiss/android-versions,User,3,Alive,62,14,51,18,8,23,1,NPM
eperegrine/script_sanitizer.js,User,2,Alive,56,2,58,0,1,2,0,NPM
eptaccio/angular-loading-feedback,User,2,Dead,21,2,42,2,0,0,0,NPM
eptaccio/angular-material-facade,User,1,Dead,13,1,20,0,0,0,0,NPM
eptaccio/angular-materializecss-autocomplete,User,2,Dead,17,4,24,0,9,2,0,NPM
evoluchain/eve-react,Organization,2,Dead,28,2,80,0,0,0,0,NPM
feathericon/feathericon,Organization,3,Alive,58,23,316,70,59,29,0,NPM
flyingunicorn222/1broker-client,User,3,Dead,19,6,165,0,4,4,0,NPM
fromtheoutfit/fadable,Organization,2,Alive,65,3,80,53,6,15,0,NPM
fulls1z3/ngx-config,User,3,Alive,58,70,217,129,41,363,6,NPM
fulls1z3/ngx-meta,User,3,Alive,59,177,313,125,92,566,7,NPM
genpw/genpw,Organization,3,Dead,60,8,489,221,6,149,0,NPM
gldraphael/chordsheet,User,1,Dead,13,1,106,2,6,2,0,NPM
gloriajs/gloria,Organization,3,Dead,17,22,267,40,83,157,3,NPM
gm0t/react-sticky-el,User,3,Alive,55,93,79,28,44,138,3,NPM
gm0t/react-virtual-scroll,User,1,Dead,13,1,7,0,0,0,0,NPM
gswalden/pkg-env,User,1,Dead,19,1,10,1,0,0,0,NPM
gswalden/to-zero,User,1,Dead,2,0,8,0,0,0,0,NPM
gswalden/virvar,User,1,Dead,4,1,12,0,0,0,0,NPM
gurov/yandex-colors,User,1,Dead,25,1,21,0,0,0,0,NPM
gw2efficiency/account-statistics,Organization,3,Alive,60,6,276,13,0,20,4,NPM
gw2efficiency/account-value,Organization,2,Alive,60,2,137,1,0,0,0,NPM
gw2efficiency/chat-codes,Organization,2,Dead,50,4,40,8,0,35,0,NPM
gw2efficiency/item-attributes,Organization,2,Dead,52,2,56,1,0,0,0,NPM
gw2efficiency/item-value,Organization,3,Alive,65,7,264,17,0,20,6,NPM
gw2efficiency/playerbase-statistics,Organization,2,Alive,59,3,30,7,2,26,0,NPM
gw2efficiency/recipe-calculation,Organization,3,Alive,65,6,119,6,0,5,1,NPM
gw2efficiency/recipe-nesting,Organization,2,Alive,66,2,47,1,0,0,0,NPM
gw2efficiency/scraping,Organization,3,Alive,67,6,85,10,0,11,3,NPM
gw2efficiency/tradingpost-fees,Organization,2,Dead,46,2,14,1,0,0,0,NPM
hanford/angular-date-input,User,2,Dead,31,3,6,1,2,3,0,NPM
haoliangyu/node-project-starter,User,2,Alive,61,3,21,9,0,1,0,NPM
harkal/fast-throttler,User,2,Dead,46,2,18,2,0,0,0,NPM
hawkular/hawkinit,Organization,3,Dead,11,11,154,13,30,62,8,NPM
hergaiety/blabber-comic,User,2,Dead,32,2,21,1,3,0,0,NPM
hhsnopek/code-frame,User,3,Dead,45,8,53,37,10,148,0,NPM
hoyangtsai/gulp-file-post,User,2,Dead,38,3,38,0,2,1,0,NPM
imdreamrunner/js-id-number,User,2,Alive,59,2,49,21,0,2,0,NPM
irazasyed/fb-kit,User,1,Dead,0,1,1,0,0,0,0,NPM
jaebradley/nba-stats-client,User,3,Alive,59,7,75,42,20,379,0,NPM
jahredhope/base64-image-loader,User,3,Dead,49,6,21,18,1,270,2,NPM
jahredhope/some-values,User,1,Dead,20,1,4,1,0,0,0,NPM
javierarmendariz/react-accordeon,User,1,Dead,0,1,11,0,0,0,0,NPM
jb3/webhook-discord,User,3,Alive,57,55,209,33,39,266,39,NPM
jlengstorf/bemmit,User,1,Dead,5,1,18,0,0,0,0,NPM
jochen-schweizer/express-prom-bundle,Organization,3,Alive,65,136,214,51,45,201,2,NPM
jochen-schweizer/microservice-chain-logger,Organization,2,Dead,19,2,33,1,0,4,0,NPM
juliancwirko/react-npm-boilerplate,User,3,Dead,17,19,11,4,6,27,0,NPM
juliandavidmr/argvd,User,2,Dead,10,2,2,0,1,0,0,NPM
junior/json-shaping,User,2,Dead,47,2,28,8,0,0,0,NPM
jyotman/node-stats-lite,User,1,Dead,15,1,19,0,0,0,0,NPM
knalli/electron-remote-dashboard,User,2,Dead,49,4,12,13,5,7,0,NPM
lastguest/blurmage,User,1,Dead,0,0,7,0,0,0,0,NPM
lelandmiller/micro-signals,User,3,Alive,60,10,145,40,1,84,22,NPM
lesander/console.history,User,2,Dead,51,2,70,4,1,1,0,NPM
llaumgui/lesshint-lint-xml-reporter,User,2,Alive,61,4,27,7,1,4,0,NPM
lycan-city/werewolf-brain,Organization,3,Dead,26,6,197,61,34,101,105,NPM
macctown/node-shop.com,User,1,Dead,0,0,12,0,0,0,0,NPM
magnetikonline/aws-lambda-proxy-response,User,1,Alive,56,1,11,0,0,0,0,NPM
magnetikonline/promessa,User,1,Alive,62,1,19,0,0,0,0,NPM
makerbot/locate,Organization,1,Dead,29,1,4,0,0,0,0,NPM
mediamonks/seng-boilerplate,Organization,3,Alive,67,13,172,57,18,86,14,NPM
mediamonks/seng-disposable,Organization,3,Dead,25,6,33,3,1,13,2,NPM
mediamonks/seng-keycodes,Organization,2,Dead,23,3,15,1,0,0,0,NPM
mediamonks/seng-log,Organization,1,Dead,3,1,15,0,0,0,0,NPM
mediamonks/seng-signals,Organization,2,Dead,1,2,52,1,0,0,0,NPM
mediapeers/mpx-frontend-module-ch-error,Organization,2,Dead,8,2,3,1,0,0,0,NPM
mediapeers/mpx-frontend-module-thumbor,Organization,3,Dead,44,6,17,7,0,8,0,NPM
mediapeers/mpx-frontend-module-utils,Organization,2,Dead,13,4,29,5,0,6,5,NPM
meltenc/week-identifier,User,2,Dead,19,2,22,1,0,0,0,NPM
meyfa/angular-filemodel,User,1,Dead,11,1,15,0,0,0,0,NPM
meyfa/angular-filesize-filter,User,2,Dead,22,3,14,1,1,4,0,NPM
meyfa/recaptcha-promise,User,2,Alive,62,2,28,9,0,1,0,NPM
meyfa/teval,User,2,Alive,61,2,48,6,0,0,0,NPM
michalstocki/swagger-json-filter,User,2,Dead,46,4,33,4,1,3,2,NPM
millwrightjs/millwright,Organization,1,Dead,7,1,220,0,0,0,0,NPM
mmahrous/thumbler,User,2,Dead,36,5,13,2,1,10,2,NPM
moimikey/npm-boilerplate,User,2,Alive,67,4,422,295,1,133,0,NPM
moimikey/typeov,User,2,Alive,64,5,187,192,0,89,0,NPM
moschan/react-native-progress-bar-classic,User,3,Dead,56,6,26,2,6,2,0,NPM
msteckyefantis/loglevels,User,1,Dead,29,1,140,0,0,0,0,NPM
mysticatea/bre,User,1,Dead,22,1,43,0,1,0,0,NPM
mysticatea/eaw,User,1,Dead,0,1,32,0,0,0,0,NPM
mysticatea/eslint-plugin-eslint-comments,User,3,Alive,58,73,98,20,43,125,11,NPM
mysticatea/if-node-version,User,2,Dead,48,2,14,3,0,1,0,NPM
neo/lim-it,User,1,Dead,0,1,4,0,0,0,0,NPM
ngx-translate/http-loader,Organization,3,Alive,57,527,37,40,59,281,20,NPM
nickpalenchar/goodtimer,User,2,Alive,62,3,196,43,21,3,0,NPM
niedzielski/eslint-config-rndmem,User,1,Dead,7,1,99,0,0,0,0,NPM
niespodd/legal-eagle-cli,User,2,Dead,28,2,22,2,0,0,0,NPM
nobrainr/typescript-webpack-starter,Organization,3,Alive,62,31,228,73,19,47,3,NPM
nupamore/anisub,User,2,Dead,12,2,19,0,1,10,0,NPM
nupamore/smi2vtt,User,2,Alive,52,3,10,3,0,2,0,NPM
opentable/eslint-config-spur,Organization,1,Dead,0,1,16,3,0,0,0,NPM
ory/hydra-js,Organization,2,Dead,11,5,23,5,1,21,4,NPM
ourai/handie,User,2,Alive,57,3,284,9,0,1,0,NPM
pact-foundation/pact-provider-verifier-npm,Organization,2,Dead,15,3,44,1,2,5,0,NPM
padarom/wspackager,User,2,Dead,55,4,56,2,5,11,2,NPM
pbelyaev/laravel-blade-compiler,User,2,Dead,11,4,59,11,17,25,0,NPM
quakkels/roast.it,User,2,Dead,22,3,24,10,1,9,6,NPM
queicherius/abc-environment,User,2,Dead,24,4,144,66,9,118,0,NPM
queicherius/fast-get,User,2,Dead,41,4,25,4,1,15,0,NPM
queicherius/generic-checkmark-reporter,User,2,Dead,28,2,18,1,0,0,0,NPM
queicherius/gw2api-client,User,3,Alive,68,16,314,37,37,136,19,NPM
queicherius/i18next-extract-gettext,User,2,Dead,27,3,15,1,1,3,0,NPM
queicherius/i18next-po-loader,User,2,Zombie,57,4,9,1,2,4,0,NPM
queicherius/karma-checkmark-reporter,User,1,Dead,28,1,11,0,0,0,0,NPM
queicherius/karma-shell-reporter,User,1,Dead,28,1,5,0,0,0,0,NPM
queicherius/lets-fetch,User,2,Dead,58,4,107,13,11,56,0,NPM
queicherius/mocha-checkmark-reporter,User,1,Dead,28,1,7,0,0,0,0,NPM
queicherius/pagespeed-cli,User,2,Dead,28,2,18,1,0,1,0,NPM
queicherius/promise-control-flow,User,2,Dead,51,3,34,3,1,13,0,NPM
queicherius/raven-blacklist,User,2,Dead,27,2,4,0,1,0,0,NPM
queicherius/react-globe,User,2,Dead,27,3,35,2,5,2,0,NPM
queicherius/react-globe-cli,User,2,Dead,27,3,16,2,0,1,0,NPM
queicherius/sh-watch,User,1,Dead,28,1,8,0,0,0,0,NPM
queicherius/simple-worker,User,2,Dead,45,3,96,13,10,57,0,NPM
queicherius/sum-by,User,2,Dead,41,5,19,6,1,18,0,NPM
rajathavalam/express-mvc-generator,User,3,Alive,58,19,10,0,11,24,0,NPM
raphaelbs/socketio-server,User,1,Dead,25,1,19,0,0,0,0,NPM
riyadhalnur/npm-modules-sync,User,3,Alive,56,11,179,114,13,637,28,NPM
ryu1kn/csv-writer,User,3,Alive,62,108,176,14,66,258,3,NPM
sagold/gson-query,User,3,Alive,57,7,175,15,2,14,0,NPM
sagold/json-schema-library,User,3,Alive,59,8,487,6,8,18,0,NPM
sahildua2305/text-watermark,User,3,Dead,54,6,28,1,6,4,1,NPM
sawa-zen/zenpad.js,User,1,Dead,13,1,176,0,0,0,0,NPM
sbolel/ionic-image-upload,User,2,Dead,10,3,9,3,2,5,0,NPM
scalarwaves/iloa,User,2,Dead,30,3,111,2,14,9,0,NPM
sellerlabs/ui-beakers,Organization,3,Dead,9,8,34,7,0,12,12,NPM
servel333/vogels-promisified,User,2,Dead,17,5,19,1,2,7,0,NPM
sgnl/nodeku,User,3,Dead,18,6,176,14,12,24,3,NPM
sgnl/punc,User,2,Dead,20,2,127,1,5,2,0,NPM
signaes/spirals,User,1,Alive,56,1,34,12,0,3,0,NPM
simonewebdesign/elm-new,User,2,Dead,48,4,127,17,4,7,0,NPM
sindresorhus/alfred-emoj,User,3,Alive,59,57,28,6,21,106,8,NPM
sindresorhus/alfred-npms,User,3,Alive,59,32,48,13,17,136,16,NPM
sindresorhus/bitbar,User,3,Alive,63,22,43,14,16,68,10,NPM
sindresorhus/conf,User,3,Alive,63,174,157,82,73,978,315,NPM
sindresorhus/electron-store,User,3,Alive,64,613,96,30,174,651,40,NPM
sindresorhus/eslint-formatter-pretty,User,3,Alive,61,35,66,32,22,127,30,NPM
sindresorhus/fast-cli,User,3,Alive,64,131,49,27,40,201,23,NPM
sindresorhus/p-queue,User,3,Alive,59,375,115,60,96,654,145,NPM
sindresorhus/term-img,User,3,Alive,62,16,34,7,8,15,4,NPM
sindresorhus/term-img-cli,User,2,Alive,62,4,17,2,2,4,0,NPM
sodexounofficial/sodexo,Organization,2,Dead,38,5,16,1,3,6,0,NPM
spali/ng2-movable,User,3,Alive,53,10,22,2,12,42,0,NPM
strugee/node-git-clone-or-pull,User,3,Dead,49,8,114,17,18,76,0,NPM
sulfureux/maven-cli,Organization,1,Dead,8,1,6,0,0,0,0,NPM
sumanjs/suman-utils,Organization,1,Dead,27,1,232,1,2,0,0,NPM
taoalpha/npm-trending,User,2,Alive,59,5,6223,31,2,159,0,NPM
tclindner/grunt-npm-package-json-lint,User,2,Dead,48,2,112,77,2,3,0,NPM
tclindner/npm-package-json-lint,User,3,Alive,66,70,430,417,82,429,73,NPM
thatisuday/npm-time-ago,User,2,Dead,18,5,4,1,3,5,0,NPM
thecreation/assets-manager,User,1,Dead,26,1,56,0,0,0,0,NPM
thedgmbh/multi-rest,Organization,3,Dead,18,7,86,3,3,10,0,NPM
theforeman/npm2rpm,Organization,3,Alive,56,20,99,49,18,172,74,NPM
tilfin/s3-block-read-stream,User,2,Dead,18,2,19,3,0,2,0,NPM
urbanjs/urbanjs-tools,Organization,2,Dead,21,4,236,1,3,9,0,NPM
vaeum/roboto-npm-webfont,Organization,2,Dead,19,4,16,4,3,2,0,NPM
vajahath/is-good-json,User,2,Dead,13,4,27,4,0,7,1,NPM
valeriansaliou/node-fast-ratelimit,User,3,Alive,67,28,96,10,10,45,0,NPM
veliovgroup/josk,Organization,2,Zombie,51,5,107,4,3,19,1,NPM
veliovgroup/ostrio-analytics,Organization,2,Dead,47,2,58,0,2,14,0,NPM
veliovgroup/spiderable-middleware,Organization,3,Alive,67,8,160,7,6,39,0,NPM
vivaxy/impression,User,2,Dead,33,4,113,16,7,13,0,NPM
vladgolubev/missing-deep-keys,User,2,Dead,44,3,19,2,0,1,0,NPM
voyagegroup/eslint-config-fluct,Organization,3,Dead,43,7,249,92,56,420,28,NPM
vrinceanuv/devanilla,User,1,Dead,11,1,80,0,0,0,0,NPM
vuejs/eslint-plugin-vue,Organization,3,Alive,61,4088,910,754,900,5002,1127,NPM
warlock/argcon,User,1,Dead,16,1,23,1,0,0,0,NPM
warlock/boilerpipe-scraper,User,2,Dead,46,3,38,0,1,0,0,NPM
warlock/eem,User,1,Dead,15,1,34,1,0,0,0,NPM
wikimedia/eslint-config-node-services,Organization,3,Dead,28,15,65,27,6,83,10,NPM
wildpeaks/archived--package-preact-component-html,Organization,2,Dead,51,4,324,159,2,7,0,NPM
wildpeaks/archived-package-dom-entry-context,Organization,2,Dead,49,4,464,234,3,29,0,NPM
wildpeaks/archived-package-preact-test-utils,Organization,1,Dead,31,1,16,1,0,0,0,NPM
wildpeaks/package-frozen,Organization,2,Alive,59,4,1027,507,2,76,0,NPM
wildpeaks/package-preact-render-worker,Organization,2,Dead,34,2,90,50,1,11,0,NPM
wildpeaks/package-snapshot-dom,Organization,2,Alive,60,5,544,247,5,28,0,NPM
wildpeaks/package-store,Organization,2,Alive,58,4,1537,910,3,248,0,NPM
wildpeaks/packages-eslint-config,Organization,3,Alive,60,7,814,306,7,139,0,NPM
williambelle/princess-names,User,1,Alive,58,1,124,0,0,0,0,NPM
xpl/ansicolor,User,3,Alive,59,12,260,7,9,31,0,NPM
yui540/onsen-node,User,2,Dead,46,3,29,0,1,0,0,NPM
ziyasal/scientist.js,User,3,Dead,40,11,35,3,1,3,0,NPM
zkiiito/node-sbrick-protocol,User,2,Dead,41,4,65,5,3,11,0,NPM
achubaty/grainscape,User,2,Zombie,65,11,490,1,64,191,1,R
bearloga/cablecuttr,User,2,Dead,40,4,18,2,3,3,0,R
boettiger-lab/sarsop,Organization,2,Alive,65,6,348,31,11,87,0,R
calbertsen/covafillr,User,1,Dead,45,1,152,0,0,0,0,R
cjyetman/memberstates,User,2,Dead,38,4,18,0,4,10,0,R
cloudyr/aws.dynamodb,Organization,2,Dead,37,8,10,0,3,6,0,R
cloudyr/awspack,Organization,1,Dead,48,2,36,0,7,6,0,R
cloudyr/ghit,Organization,2,Dead,28,14,95,6,25,56,0,R
contefranz/msmtools,User,1,Alive,60,2,133,0,6,7,0,R
daattali/colourpicker,User,3,Alive,62,29,122,7,39,145,23,R
daattali/shinyalert,User,3,Alive,60,39,84,7,53,185,8,R
daattali/timevis,User,3,Alive,62,99,138,17,98,407,2,R
diegovalle/mxmaps,User,1,Alive,68,3,218,0,12,9,0,R
eddelbuettel/gaussfacts,User,1,Alive,61,3,26,3,1,9,1,R
eddelbuettel/gettz,User,1,Alive,57,3,23,3,2,11,0,R
eddelbuettel/nanotime,User,3,Alive,58,21,287,48,45,439,55,R
eddelbuettel/rcppmsgpack,User,1,Alive,68,3,82,15,2,33,9,R
eddelbuettel/tint,User,3,Alive,60,36,126,25,24,193,1,R
erictleung/flowers,User,1,Alive,0,1,1,0,0,0,0,R
fsolt/icpsrdata,User,2,Dead,50,7,71,1,3,12,1,R
fsolt/pewdata,User,2,Alive,59,4,96,1,5,5,0,R
fsolt/ropercenter,User,2,Dead,51,6,97,0,8,32,0,R
giscience-fsu/sperrorest,Organization,2,Alive,57,10,963,33,32,40,0,R
gshs-ornl/wbstats,Organization,3,Zombie,65,29,154,5,30,67,0,R
hmalmedal/stringaddins,User,1,Dead,35,1,14,0,0,0,0,R
hoxo-m/densratio,User,2,Dead,58,7,60,6,4,9,0,R
hoxo-m/magicfor,User,1,Dead,42,3,31,0,6,0,0,R
jacob-long/jtools,User,3,Alive,58,88,971,13,96,124,0,R
jaredhuling/oem,User,2,Alive,63,14,319,2,22,36,0,R
jeroen/agent,User,1,Dead,19,3,10,1,2,3,0,R
jforbes14/eechidna,User,3,Dead,58,22,608,13,25,76,0,R
jhollist/elevatr,User,3,Alive,62,52,268,7,55,221,0,R
krisrs1128/treelapse,User,1,Dead,39,3,560,103,82,14,0,R
ksawicka/spup,User,1,Dead,52,3,385,2,1,1,0,R
kunstler/laselva,User,2,Alive,57,7,61,1,14,61,0,R
leeper/crandatapkgs,User,2,Dead,25,4,48,2,61,9,0,R
leeper/responserates,User,1,Dead,22,1,11,0,4,0,0,R
maelle/geolocart,User,2,Dead,18,5,4,0,10,32,0,R
meirelesff/fmeireles,User,1,Dead,8,0,33,0,0,0,0,R
mschubert/clustermq,User,3,Alive,69,59,883,24,231,765,21,R
mschubert/narray,User,2,Alive,65,5,245,0,29,12,0,R
privefl/bigstatsr,User,3,Alive,60,57,925,21,112,379,0,R
r-hub/rhub,Organization,3,Alive,61,384,297,52,433,1681,46,R
r-hub/sysreqs,Organization,3,Zombie,66,30,32,3,20,57,3,R
r-simmer/simmer.json,Organization,1,Dead,0,1,3,0,0,0,0,R
r-simmer/simmer.optim,Organization,2,Dead,44,8,48,6,7,12,0,R
r-simmer/simmer.plot,Organization,2,Alive,56,8,146,2,21,24,0,R
rcppmlpack/rcppmlpack2,Organization,2,Dead,61,9,193,12,10,80,17,R
reconhub/epicontacts,Organization,2,Alive,64,14,543,49,74,305,5,R
reconhub/incidence,Organization,3,Dead,61,29,674,51,80,379,33,R
ropensci-archive/ccafs,Organization,2,Dead,55,7,80,3,26,10,0,R
ropensci-archive/cmipr,Organization,2,Dead,30,5,29,1,16,5,0,R
ropensci-archive/colorpiler,Organization,2,Dead,56,7,41,1,4,9,0,R
ropensci-archive/crevents,Organization,1,Dead,41,3,49,0,10,8,0,R
ropensci-archive/crminer,Organization,2,Dead,52,15,177,7,44,136,2,R
ropensci-archive/datapkg,Organization,2,Dead,25,15,48,1,15,41,0,R
ropensci-archive/dissemr,Organization,1,Dead,51,1,17,0,2,0,0,R
ropensci-archive/gdoc,Organization,2,Dead,27,6,83,0,12,23,0,R
ropensci-archive/geojsonrewind,Organization,1,Dead,45,3,16,1,2,2,0,R
ropensci-archive/geoparser,Organization,2,Dead,46,9,86,5,10,23,0,R
ropensci-archive/hoasts,Organization,1,Dead,48,3,6,0,4,8,0,R
ropensci-archive/leafier,Organization,2,Alive,61,5,9,2,1,1,0,R
ropensci-archive/monkeylearn,Organization,2,Dead,55,6,300,47,0,52,0,R
ropensci-archive/nneo,Organization,2,Dead,26,7,42,4,11,61,14,R
ropensci-archive/originr,Organization,2,Dead,60,9,83,3,24,56,2,R
ropensci-archive/riodata,Organization,2,Dead,58,4,10,0,1,1,0,R
ropensci-archive/rtimicropem,Organization,2,Alive,64,8,213,3,29,38,0,R
ropensci-archive/scitations,Organization,1,Dead,46,1,19,0,2,0,0,R
ropensci-archive/snowball,Organization,2,Alive,59,8,125,0,2,4,0,R
ropensci-archive/sparqldsl,Organization,1,Dead,32,1,16,0,0,0,0,R
ropensci-archive/timeraster,Organization,1,Dead,38,1,16,0,2,2,0,R
ropensci-archive/travis,Organization,3,Dead,52,51,783,42,104,457,71,R
ropensci-archive/urltemplate,Organization,1,Dead,50,1,14,0,0,0,0,R
ropensci-archive/zissou,Organization,1,Dead,43,3,9,0,4,11,0,R
ropensci/beautier,Organization,2,Alive,66,6,2624,0,130,163,0,R
ropensci/bib2df,Organization,3,Zombie,62,47,172,15,35,101,0,R
ropensci/bikedata,Organization,3,Alive,53,19,662,15,88,222,0,R
ropensci/binman,Organization,2,Zombie,57,8,131,5,3,7,0,R
ropensci/charlatan,Organization,3,Alive,52,27,243,24,95,213,8,R
ropensci/coder,Organization,2,Alive,62,6,308,2,149,142,0,R
ropensci/crul,Organization,3,Alive,59,35,460,26,136,336,6,R
ropensci/fauxpas,Organization,1,Dead,54,2,77,0,13,6,0,R
ropensci/geojson,Organization,2,Dead,58,11,172,6,35,70,2,R
ropensci/geojsonlint,Organization,2,Dead,55,12,83,2,18,30,1,R
ropensci/ghql,Organization,3,Alive,59,25,87,10,19,90,8,R
ropensci/graphql,Organization,2,Dead,39,10,40,5,5,36,0,R
ropensci/gtfsr,Organization,3,Dead,58,35,209,27,36,148,0,R
ropensci/gutenbergr,Organization,3,Zombie,61,42,85,7,21,75,0,R
ropensci/hunspell,Organization,3,Alive,63,45,288,13,37,189,0,R
ropensci/isdparser,Organization,2,Dead,48,8,83,2,14,54,0,R
ropensci/jaod,Organization,2,Dead,51,10,77,2,10,23,3,R
ropensci/jsonld,Organization,2,Dead,42,11,45,4,14,32,0,R
ropensci/jsonvalidate,Organization,3,Alive,63,31,154,25,23,116,26,R
ropensci/lingtypology,Organization,3,Alive,64,21,514,22,47,125,14,R
ropensci/magick,Organization,3,Alive,63,275,1071,55,274,1260,0,R
ropensci/natserv,Organization,2,Alive,56,9,90,3,21,57,0,R
ropensci/opencage,Organization,2,Alive,64,18,502,63,77,667,169,R
ropensci/osmdata,Organization,3,Alive,70,100,1275,53,192,1063,21,R
ropensci/osmplotr,Organization,3,Alive,64,19,553,14,40,104,0,R
ropensci/pdftools,Organization,3,Alive,67,114,272,17,78,259,0,R
ropensci/phylocomr,Organization,2,Alive,51,15,177,4,27,92,8,R
ropensci/rbace,Organization,2,Zombie,54,7,74,1,17,23,0,R
ropensci/rcoreoa,Organization,2,Dead,57,9,125,6,18,90,13,R
ropensci/rdefra,Organization,2,Alive,61,10,205,1,11,33,0,R
ropensci/refimpact,Organization,2,Dead,44,5,79,4,26,16,1,R
ropensci/riem,Organization,2,Alive,60,15,89,10,25,124,14,R
ropensci/rnaturalearthdata,Organization,2,Zombie,65,5,34,1,2,5,0,R
ropensci/rnaturalearthhires,Organization,3,Zombie,66,48,21,0,4,18,0,R
ropensci/roadoi,Organization,2,Alive,59,16,184,12,21,49,0,R
ropensci/rredlist,Organization,2,Zombie,66,15,138,6,42,121,9,R
ropensci/rrricanes,Organization,2,Dead,46,13,1352,15,110,184,0,R
ropensci/smapr,Organization,3,Zombie,63,19,296,33,36,69,0,R
ropensci/tabulizer,Organization,3,Alive,65,214,141,15,124,419,2,R
ropensci/tabulizerjars,Organization,2,Dead,39,5,23,2,4,3,0,R
ropensci/taxa,Organization,3,Alive,64,23,636,22,187,559,3,R
ropensci/taxizedb,Organization,3,Alive,64,26,222,12,44,256,6,R
ropensci/tesseract,Organization,3,Alive,66,61,222,4,52,177,0,R
ropensci/tic,Organization,3,Alive,60,43,2010,112,193,1132,169,R
ropensci/tokenizers,Organization,3,Alive,63,34,202,22,56,300,0,R
ropensci/visdat,Organization,3,Alive,68,55,474,34,106,300,4,R
ropensci/weathercan,Organization,3,Alive,63,51,744,34,92,405,16,R
ropensci/wicket,Organization,2,Dead,37,5,56,2,25,141,0,R
ropensci/wikitaxa,Organization,1,Dead,48,3,116,2,17,11,0,R
ropensci/worrms,Organization,2,Alive,57,11,127,4,21,50,0,R
ropensci/xslt,Organization,2,Alive,53,7,70,2,7,24,0,R
rstudio/tufte,Organization,3,Alive,68,121,165,21,78,287,13,R
sckott/apipkgen,User,2,Dead,54,7,43,4,15,31,0,R
sckott/aspacer,User,1,Dead,53,2,17,2,3,2,0,R
sckott/atomize,User,1,Dead,52,2,7,0,1,0,0,R
sckott/geoops,User,2,Dead,56,4,151,5,14,20,0,R
sckott/phyrmeta,User,1,Dead,49,1,6,0,0,0,0,R
sckott/ridb,User,1,Dead,4,2,7,1,1,5,0,R
sckott/scatrr,User,1,Dead,12,1,2,0,0,0,0,R
simongrund1/mitml,User,2,Alive,61,15,109,3,12,35,0,R
stan-dev/bayesplot,Organization,3,Alive,65,98,1381,107,171,1099,141,R
stan-dev/projpred,Organization,3,Alive,64,35,1255,110,127,1008,175,R
stan-dev/rstantools,Organization,3,Alive,60,72,333,31,60,361,18,R
teramonagi/fitbitr,User,3,Zombie,63,26,86,30,22,56,0,R
teramonagi/oandar,User,1,Dead,5,1,20,2,0,0,0,R
thekvs/tarantoolr,User,1,Dead,18,1,45,0,0,0,0,R
uribo/jpndistrict,User,2,Dead,51,13,296,9,28,40,5,R
zedoul/buildr,User,1,Dead,19,1,27,0,0,0,0,R
affilicious/affilicious,Organization,2,Dead,25,3,946,0,0,0,0,WordPress
affilinet/wordpress-plugin,Organization,2,Dead,23,5,18,0,6,15,0,WordPress
ahmedkaludi/accelerated-mobile-pages,User,3,Alive,68,748,7454,284,4855,13458,48,WordPress
airesvsg/acf-to-rest-api,User,3,Alive,69,770,51,18,372,1301,7,WordPress
airton/manage-user-roles,User,2,Dead,1,2,46,0,0,0,0,WordPress
ajsb85/wordpress-plugin-mappartnerlocator,User,2,Alive,63,2,41,1,0,0,0,WordPress
alexmacarthur/wp-complete-open-graph,User,2,Dead,27,4,52,15,24,8,0,WordPress
alexstandiford/easy-age-verifier,User,3,Dead,37,10,317,73,60,44,1,WordPress
alexwing/woocommerce-oscommerce-sync,User,1,Alive,69,1,39,1,0,0,0,WordPress
andrewklimek/commentmonger,User,1,Dead,11,1,4,0,0,0,0,WordPress
andrewklimek/debug-log,User,1,Dead,15,1,3,0,0,0,0,WordPress
andrewklimek/disembellish,User,1,Dead,34,1,13,0,0,0,0,WordPress
andrewklimek/emailmonger,User,1,Dead,34,1,6,0,0,0,0,WordPress
andrewklimek/minimal-maintenance,User,1,Dead,44,1,5,0,0,0,0,WordPress
andrewklimek/mnml-contact,User,2,Dead,51,2,38,0,0,0,0,WordPress
andrewklimek/mnml-slider,User,1,Dead,48,1,15,0,0,0,0,WordPress
andrewklimek/mnml-social-icons,User,1,Dead,50,1,29,0,0,0,0,WordPress
andrewklimek/modalmonger,User,1,Dead,15,1,9,0,0,0,0,WordPress
andrewklimek/msgmonger,User,1,Dead,15,1,6,0,0,0,0,WordPress
andrewklimek/name-thine-price,User,1,Dead,14,1,6,0,0,0,0,WordPress
andrewklimek/portmanteau,User,1,Dead,16,1,16,0,0,0,0,WordPress
andrewklimek/re-welcome,User,1,Dead,10,1,4,0,0,0,0,WordPress
andrewlimaza/when-last-login,User,3,Alive,62,11,96,21,18,29,0,WordPress
ankurk91/wp-tabs-example,User,1,Dead,0,1,1,0,0,0,0,WordPress
ankurk91/wp-version-faker,User,1,Dead,8,1,4,0,0,0,0,WordPress
ansidev/bible-for-wordpress-plugin,User,1,Dead,20,1,15,0,0,0,0,WordPress
anytizer/hosted-content-importer.wp,User,2,Dead,57,4,149,1,4,9,0,WordPress
anytizer/stock-images.wp,User,1,Dead,0,0,10,0,0,0,0,WordPress
arduosoft/wlog.wordpress,Organization,2,Dead,11,2,8,0,0,0,0,WordPress
arnaudmanaranche/hunt-issue,User,1,Dead,0,1,8,0,0,0,0,WordPress
arnonerba/formulate,User,1,Dead,45,1,54,0,1,0,0,WordPress
artdevgame/flickr-group-gallery,User,1,Dead,4,1,6,0,0,0,0,WordPress
asheabbott/wordpress-custom-post-types-taxonomies,User,1,Dead,32,1,4,0,0,0,0,WordPress
audiotheme/bandstand,Organization,1,Dead,3,1,7,0,0,0,0,WordPress
awesomemotive/affiliatewp-allow-own-referrals,Organization,3,Alive,63,8,24,7,13,47,14,WordPress
awesomemotive/affiliatewp-allowed-products,Organization,3,Alive,68,12,65,15,27,77,23,WordPress
awesomemotive/affiliatewp-woocommerce-redirect-affiliates,Organization,3,Alive,56,6,22,6,10,13,4,WordPress
azedo/wp-behance-importer,User,1,Dead,1,1,20,0,18,0,0,WordPress
barbareshet/ido-social-links-plugin,User,1,Dead,24,1,15,0,0,0,0,WordPress
barryceelen/datepicker3000,User,2,Dead,2,2,5,0,1,1,0,WordPress
barryceelen/wp-analytics-without-cookies,User,1,Dead,10,1,18,0,0,0,0,WordPress
barryceelen/wp-multilocale,User,1,Dead,34,1,188,0,14,0,0,WordPress
barryceelen/wp-replace-filename-accents,User,1,Dead,0,1,9,0,0,0,0,WordPress
barryceelen/wp-super-editor,User,1,Dead,0,1,2,0,0,0,0,WordPress
baublet/wp-twig-loop-shortcode,User,1,Dead,17,1,37,0,0,0,0,WordPress
betterangels/buoy,Organization,3,Dead,18,21,459,79,147,213,20,WordPress
bigfa/nm,User,3,Zombie,61,23,54,1,21,21,0,WordPress
bigwing/nest-login,Organization,1,Dead,21,1,6,0,0,0,0,WordPress
blackus3r/post-worktime-logger,User,3,Dead,29,22,82,41,57,169,15,WordPress
bmaupin/wordpress-site-plugins,User,1,Dead,0,1,7,0,0,0,0,WordPress
bobbingwide/oik-a2z,User,1,Dead,51,1,30,0,9,10,0,WordPress
bobbingwide/oik-ajax,User,1,Dead,54,1,32,0,7,13,0,WordPress
bobbingwide/oik-i18n,User,1,Zombie,62,1,79,0,13,26,0,WordPress
bobbingwide/oik-post-type-support,User,1,Dead,12,1,5,0,1,0,0,WordPress
bobbingwide/oik-sites,User,1,Dead,36,1,3,0,3,5,0,WordPress
bobbingwide/oik-video,User,1,Alive,64,1,10,0,2,0,0,WordPress
bobbingwide/oik-weight-zone-shipping,User,3,Alive,65,10,100,2,30,63,0,WordPress
bobbingwide/oik-widget-cache,User,1,Dead,43,1,8,0,3,1,0,WordPress
bobbingwide/tags,User,1,Dead,38,1,61,0,8,7,0,WordPress
boogah/nofsp,User,2,Dead,23,2,2,0,1,0,0,WordPress
bradp/forced-emoji,User,2,Alive,62,2,10,0,1,1,0,WordPress
brainstormforce/automate-mautic,Organization,3,Dead,43,13,569,34,1,26,33,WordPress
brainstormforce/bb-header-footer,Organization,3,Alive,61,33,306,57,48,58,15,WordPress
bu-ist/bu-ssl,Organization,2,Dead,31,4,83,5,1,18,12,WordPress
cameronterry/dark-matter,User,3,Alive,65,6,842,40,33,64,4,WordPress
castroalves/castroalves.github.io-old,User,2,Dead,52,2,18,0,0,0,0,WordPress
christinablust/photographer-credit,User,1,Dead,5,1,4,0,0,0,0,WordPress
cipherdevgroup/find-shortcodes,Organization,1,Dead,2,1,19,0,4,0,0,WordPress
cipherdevgroup/heart-this,Organization,3,Dead,26,7,75,0,11,9,0,WordPress
circuscode/hello-dolly-for-your-song,User,1,Dead,49,1,132,19,4,5,0,WordPress
circuscode/mathilda,User,2,Dead,56,2,84,8,6,18,0,WordPress
cloudinary/cloudinary_wordpress,Organization,3,Alive,67,65,2342,527,29,1006,812,WordPress
codesnakers/woo-order-user-efficiency,User,1,Dead,29,1,7,0,0,0,0,WordPress
coldturkeygroup/program-page,Organization,1,Dead,42,1,46,0,0,0,0,WordPress
collinbarrett/link-last-modified-checker,User,1,Dead,0,1,6,0,0,0,0,WordPress
craigsimps/disable-wp-auto-formatting,User,1,Dead,0,1,1,0,0,0,0,WordPress
craigsimps/genesis-browse-happy,User,2,Dead,31,2,9,1,0,0,0,WordPress
culqi/culqi-woocommerce,Organization,3,Zombie,63,82,63,16,44,126,1,WordPress
cyrillbolliger/conditional-featured-image,User,3,Alive,57,12,114,13,10,33,0,WordPress
czp3009/wordpress-lottery,User,1,Dead,26,1,12,0,0,0,0,WordPress
dangoodman/composer-for-wordpress,User,2,Alive,63,4,15,4,1,12,0,WordPress
dcooney/instant-images,User,3,Alive,58,15,59,6,11,31,0,WordPress
devgeniem/acf-flexible-templates,Organization,1,Dead,0,1,3,0,0,0,0,WordPress
deworg/dewp-planet-feed,Organization,3,Alive,68,10,73,10,5,45,0,WordPress
digitoimistodude/acf-wp-polls-redux,Organization,1,Dead,0,1,1,0,0,0,0,WordPress
digitoimistodude/dude-facebook-feed,Organization,3,Alive,53,7,24,3,2,8,0,WordPress
digitoimistodude/dude-insta-feed,Organization,2,Alive,58,4,18,0,2,4,0,WordPress
digitoimistodude/dude-lastfm-feed,Organization,1,Alive,58,1,5,0,0,0,0,WordPress
digitoimistodude/dude-most-read-posts,Organization,2,Dead,53,3,33,1,1,4,0,WordPress
digitoimistodude/dude-really-simple-ads,Organization,2,Alive,55,3,63,1,3,0,0,WordPress
digitoimistodude/dude-twitter-feed,Organization,2,Alive,58,4,16,0,2,1,0,WordPress
digitoimistodude/image-hashtag-feed,Organization,3,Alive,59,6,34,2,3,4,0,WordPress
dmassiani/wpcomponent,User,3,Dead,13,6,53,11,6,10,0,WordPress
dmhendricks/wordpress-base-plugin,User,3,Zombie,54,6,271,0,8,26,0,WordPress
duracelltomi/gtm4wp,User,3,Alive,63,133,530,48,149,557,2,WordPress
ecedi/wp-rocket-no-bot,Organization,1,Dead,0,1,2,0,0,0,0,WordPress
ecovillage/ev7l-events,Organization,2,Dead,46,2,118,0,5,4,0,WordPress
elementor/elementor,Organization,3,Alive,64,13837,24530,5123,11234,49796,6894,WordPress
ellakcy/wordpress-with-plugins,Organization,2,Dead,34,2,48,0,2,3,0,WordPress
emgk/visual-text-editor,User,2,Dead,23,3,18,4,4,3,0,WordPress
enricodeleo/woocommerce-pdf-invoices-packing-slips-sort-by-invoice,User,1,Dead,0,1,6,0,0,0,0,WordPress
eokoneyo/electorate,User,1,Dead,1,1,51,0,0,0,0,WordPress
ernilambar/ns-category-widget,User,2,Alive,62,2,35,7,0,5,0,WordPress
fabacab/multisite-directory,User,3,Dead,20,6,120,9,16,120,30,WordPress
fabacab/wp-pgp-encrypted-emails,User,3,Alive,66,29,97,10,34,269,16,WordPress
factmaven/disable-blogging,Organization,3,Zombie,61,13,161,11,10,52,9,WordPress
factmaven/remove-http,Organization,3,Zombie,55,6,37,3,10,14,3,WordPress
factmaven/specify-image-dimensions,Organization,1,Dead,18,1,9,0,3,1,0,WordPress
factmaven/wp-plugin-template,Organization,1,Dead,3,1,3,0,0,0,0,WordPress
faustynm/portgal-for-wordpress,User,2,Dead,16,4,11,1,2,8,0,WordPress
felixarntz/attachment-taxonomies,User,3,Dead,33,15,79,3,16,25,0,WordPress
felixarntz/wp-global-admin,User,1,Dead,20,1,95,0,5,3,0,WordPress
felixarntz/wp-network-roles,User,1,Dead,17,1,66,0,1,0,0,WordPress
findsorguk/wp-findsorguk,Organization,2,Dead,12,3,63,4,1,1,1,WordPress
firetreedesign/ccbpress-slack,Organization,1,Dead,18,1,5,0,1,0,0,WordPress
firetreedesign/ft-bb-schema,Organization,1,Dead,0,1,3,0,0,0,0,WordPress
firetreedesign/ft-bb-syntax-highlighter,Organization,1,Dead,2,1,4,0,0,0,0,WordPress
fjorgedevelopers/wp-plugin-skeleton,User,2,Dead,14,2,30,0,0,0,0,WordPress
flexseth/press-this-for-the-events-calendar,User,1,Dead,2,1,6,0,0,0,0,WordPress
florianbrinkmann/svg-social-menu,User,3,Alive,67,9,28,10,7,14,0,WordPress
flyntwp/flynt-core,Organization,3,Dead,28,9,169,46,3,55,28,WordPress
frostkom/mf_users,User,1,Alive,68,1,96,0,0,0,0,WordPress
fstiehle/wp-plugin-social-profile-links,User,1,Dead,5,1,30,0,0,0,0,WordPress
fsylum/sitepoint-upload,User,1,Dead,0,1,3,0,0,0,0,WordPress
gabrieldarezzo/inlocation,User,1,Dead,39,0,7,0,0,0,0,WordPress
garubi/wp-mail-ses,User,2,Alive,60,2,11,2,0,0,0,WordPress
geminilabs/site-reviews-v2,Organization,3,Dead,27,6,611,1,4,6,0,WordPress
gerencianet/gn-api-woocommerce,Organization,3,Alive,66,17,177,24,9,28,0,WordPress
getdave/wp-intervention,User,3,Alive,62,8,46,10,8,15,0,WordPress
gnowland/wp-jet-fuel,User,1,Dead,49,1,203,0,12,8,0,WordPress
godaddy-wordpress/contact-widgets,Organization,3,Alive,67,39,347,67,32,184,51,WordPress
godaddy-wordpress/godaddy-email-marketing,Organization,3,Alive,68,23,523,61,6,101,24,WordPress
godaddy/wp-reseller-store,Organization,3,Alive,53,36,485,88,32,187,94,WordPress
growella/anthology,Organization,1,Dead,3,1,15,0,0,0,0,WordPress
growella/dynamic-asset-versioning,Organization,2,Dead,3,2,25,0,1,0,0,WordPress
growella/table-of-contents,Organization,1,Dead,2,1,46,0,3,1,0,WordPress
hametuha/hamail,Organization,1,Alive,54,1,106,5,24,5,0,WordPress
henrywright/here,User,2,Dead,33,2,34,0,1,1,0,WordPress
hinaloe/non-cache-ppp,User,1,Dead,9,1,5,0,0,0,0,WordPress
hinaloe/push7-subscribe-button,User,1,Dead,13,1,68,2,3,3,0,WordPress
hiwelo/raccoon-plugin,User,3,Dead,18,7,151,19,20,18,1,WordPress
hofmannsven/contextbar,User,1,Dead,24,1,19,0,0,0,0,WordPress
houke/color-palette-generator,User,2,Dead,26,3,52,0,5,24,0,WordPress
iandunn/compassionate-comments,User,1,Dead,38,1,54,0,0,0,0,WordPress
ikenfin/admin-media-embedurl-wh-fields-hack,User,1,Dead,3,1,3,0,0,0,0,WordPress
indiewebpress/wordpress-deleted-posts,Organization,2,Dead,50,2,5,1,0,0,0,WordPress
inpsyde/block-mails-quick-n-dirty,Organization,2,Alive,61,2,2,0,0,0,0,WordPress
inpsyde/menu-cache,Organization,3,Dead,41,9,33,6,6,33,10,WordPress
inwdragon/urlength,User,1,Dead,0,1,3,0,0,0,0,WordPress
islamic-network/aladhan-wordpress-plugin,Organization,1,Dead,29,0,6,0,0,0,0,WordPress
isotopsweden/wp-cargo,Organization,2,Alive,54,3,89,1,0,1,0,WordPress
isotopsweden/wp-extra,Organization,2,Alive,55,2,8,1,0,1,0,WordPress
isotopsweden/wp-hercules,Organization,2,Alive,59,3,47,1,2,2,0,WordPress
itgalaxy/pillar,Organization,2,Dead,24,2,38,1,0,0,0,WordPress
iwillhappy1314/wizhi-seo,User,1,Dead,12,1,6,0,0,0,0,WordPress
jameselks/my-facebook-events,User,1,Dead,44,1,89,13,0,1,0,WordPress
jaredkc/gallery-grid-option,User,1,Dead,0,1,7,0,0,0,0,WordPress
jasonyingling/easy-footnotes,User,3,Alive,65,8,37,9,2,7,0,WordPress
jazzsequence/recipe-box,User,2,Alive,60,5,301,16,29,11,0,WordPress
jdmdigital/bootplate-shortcodes,User,1,Dead,7,1,11,0,12,0,0,WordPress
jdmdigital/jdm-custom-cta,User,1,Dead,1,1,25,3,4,2,0,WordPress
jdmdigital/jdm-frontend-admin-buttons,User,1,Dead,39,1,36,8,8,6,0,WordPress
jessicahawkins3344/my-nav-module,User,1,Dead,0,1,12,0,0,0,0,WordPress
jestevez/realia-santander-elavon,User,1,Dead,0,1,3,0,0,0,0,WordPress
jojoee/black-ribbon,User,2,Alive,57,3,14,4,2,0,0,WordPress
jojoee/grayscale-body,User,2,Alive,58,3,47,5,2,3,0,WordPress
jojoee/mobile-redirect-with-slug,User,2,Dead,48,2,17,0,2,0,0,WordPress
joostdekeijzer/wp_export-media-with-content,User,2,Alive,60,3,34,1,2,3,0,WordPress
josephfusco/wp-new-tab,User,1,Dead,19,1,20,0,1,1,0,WordPress
josephfusco/wp-self-destruct,User,3,Dead,25,6,16,3,2,7,1,WordPress
joydipnath/woo-product-custom-field,User,1,Dead,0,1,29,0,0,0,0,WordPress
jplhomer/taghound-media-tagger,User,2,Dead,32,5,142,10,31,10,0,WordPress
jprieton/source-framework,User,1,Dead,12,1,226,10,0,0,0,WordPress
justcoded/just-tinymce-custom-styles,Organization,3,Dead,50,7,22,5,4,7,0,WordPress
kaisermann/selene,User,2,Dead,17,3,777,15,3,2,0,WordPress
kamalkhan/kk-star-ratings,User,3,Alive,70,117,470,19,91,153,1,WordPress
kingkool68/wordpress-twitter-backerupper,User,1,Dead,0,1,8,0,0,0,0,WordPress
knitkode/customize-plus-premium,Organization,2,Dead,14,2,8,0,0,0,0,WordPress
ko31/replace-protected-password,User,1,Dead,46,1,37,0,4,4,0,WordPress
kontur/fontsampler-wordpress-plugin,User,3,Alive,60,30,419,2,178,301,0,WordPress
kossmos/news-feed,User,2,Dead,10,2,25,0,1,1,0,WordPress
l3lackcurtains/wordpress-loan-calculator-plugins,User,1,Dead,0,1,1,0,0,0,0,WordPress
lazaryo/acf-random_color,User,1,Dead,0,1,7,0,0,0,0,WordPress
leonstafford/wp2static,User,3,Alive,57,342,4258,179,553,1860,84,WordPress
leopuleo/easy-panorama,User,3,Dead,34,10,186,5,7,17,0,WordPress
lesterchan/wp-instantarticles,User,1,Dead,51,1,18,0,0,0,0,WordPress
lightspeeddevelopment/lsx-projects,Organization,3,Alive,60,17,292,97,3,83,0,WordPress
lightspeeddevelopment/tour-operator,Organization,3,Alive,60,25,1232,137,91,263,10,WordPress
liip/wp-tyk-dev-portal,Organization,3,Dead,43,6,199,8,3,10,3,WordPress
litefeel/wp-github-sync-meta,User,2,Dead,18,2,19,0,1,1,0,WordPress
litespeedtech/lscache_wp,User,3,Alive,70,155,3268,260,147,542,74,WordPress
littlebirdjp/floating-top-link,Organization,1,Dead,9,1,29,0,0,0,0,WordPress
lmoffereins/bp-multiblog-mode,User,1,Dead,18,1,28,0,3,0,0,WordPress
lmoffereins/bp-xprofile-field-activity,User,1,Dead,0,1,4,0,0,0,0,WordPress
lmoffereins/contact-card,User,1,Dead,0,1,2,0,0,0,0,WordPress
lmoffereins/edit-next-post,User,1,Dead,1,1,3,0,0,0,0,WordPress
lmoffereins/featured-images,User,1,Dead,58,1,26,0,1,1,0,WordPress
lollum/lollum-page-builder,Organization,1,Dead,5,1,70,0,0,0,0,WordPress
lonelyplanet/append-file-hash,Organization,1,Dead,22,1,10,0,0,0,0,WordPress
lordvcs/bootstrap_multi_carousel,User,1,Dead,0,1,5,0,0,0,0,WordPress
lostfocus/wp-advent,User,3,Dead,50,9,14,0,7,18,0,WordPress
lukasbesch/find-post-by-password,User,1,Dead,0,1,2,0,0,0,0,WordPress
lukecav/awesome-gravity-forms,User,3,Alive,62,15,309,13,5,13,1,WordPress
lukemcdonald/wordpress-front-page-archives,User,1,Dead,7,1,5,0,1,0,0,WordPress
marcin-lawrowski/wise-chat,User,3,Dead,59,6,176,9,53,24,0,WordPress
matsuoshi/wp-postical,User,1,Dead,22,1,16,0,0,0,0,WordPress
mattradford/online-scout-manager,User,2,Dead,18,2,6,1,10,1,0,WordPress
max-kk/wp-foto-vote-dev-lib,User,2,Alive,57,3,89,0,3,1,0,WordPress
mbordash/blobinator,User,1,Alive,56,1,65,0,0,0,0,WordPress
mdjmplugin/mobile-dj-manager,User,3,Alive,68,23,1759,74,171,190,13,WordPress
mecachisenros/cf-civicrm,User,3,Alive,62,94,778,61,148,589,22,WordPress
michelem09/wassup,User,2,Zombie,54,5,54,8,6,13,0,WordPress
micz/wp-500px-jsgallery,User,1,Dead,17,1,172,0,38,40,0,WordPress
mihdan/mihdan-excerpt-above-content,User,1,Dead,10,1,9,0,0,0,0,WordPress
mihdan/mihdan-flexslider,User,1,Dead,0,1,5,0,0,0,0,WordPress
mihdan/mihdan-swiper,User,1,Dead,33,1,15,0,2,2,0,WordPress
miiitaka/wp-widget-extensions,User,1,Zombie,60,1,214,89,36,16,0,WordPress
mindctrl/jp-sticky-comments,User,1,Dead,0,1,1,0,0,0,0,WordPress
mindkomm/svg2png,Organization,1,Dead,1,1,4,0,0,0,0,WordPress
misfist/jacobin-core-functionality,User,1,Dead,55,1,297,28,0,2,0,WordPress
misterunknown/wordpress-pagejumpadder,User,1,Dead,0,0,2,0,0,0,0,WordPress
mkykode/mka-add-mime-supports,User,1,Dead,0,1,5,0,0,0,0,WordPress
mkykode/mka-add-page-excerpts,User,1,Dead,0,1,2,0,0,0,0,WordPress
mkykode/mka-class-genesis-register-sidebar,User,1,Dead,0,1,2,0,0,0,0,WordPress
mkykode/mka-enable-shortcodes-widget,User,1,Dead,0,1,3,0,0,0,0,WordPress
mkykode/mka-quick-custom-posts,User,1,Dead,0,1,7,0,0,0,0,WordPress
mkykode/mka-remove-wp-emoji,User,1,Dead,0,1,2,0,0,0,0,WordPress
mkykode/mka-simple-slider,User,1,Dead,5,1,6,0,0,0,0,WordPress
mlooft/multi-step-form,User,3,Alive,56,13,1042,11,6,9,0,WordPress
mm-e1/wp-force-login,User,1,Dead,0,0,7,0,0,0,0,WordPress
mongoose-marketplace/facebook-page-feed-graph-api,Organization,2,Alive,67,3,234,35,39,24,0,WordPress
morganestes/post-updated-messages,User,2,Dead,23,2,59,2,0,0,0,WordPress
motopress/mp-restaurant-menu,Organization,2,Alive,66,3,554,2,0,0,0,WordPress
motopress/mp-timetable,Organization,3,Alive,66,6,360,19,0,0,1,WordPress
motopress/mprm-menu-cart,Organization,2,Alive,57,3,31,1,0,0,0,WordPress
mujahidi/acf-typography,User,3,Alive,58,13,42,5,18,34,1,WordPress
my-language-skills/all-in-one-metadata,Organization,3,Dead,32,7,583,34,196,91,0,WordPress
mypreview/woo-additional-terms,Organization,2,Alive,56,4,89,8,1,1,0,WordPress
mypreview/woo-store-vacation,Organization,3,Alive,57,7,243,8,1,10,1,WordPress
nanodesigns/nano-redirection,Organization,1,Dead,0,1,4,0,0,0,0,WordPress
nanodesigns/nanosupport,Organization,3,Zombie,67,42,487,12,96,315,0,WordPress
nash-ye/wp-article-json-ld,User,1,Dead,48,1,11,0,0,0,0,WordPress
nash-ye/wp-empty-alt-warning,User,1,Dead,0,1,6,0,0,0,0,WordPress
nash-ye/wp-enforce-featured-image,User,1,Dead,31,1,11,0,1,1,0,WordPress
nash-ye/wp-reinstall-plugins,User,1,Dead,38,1,3,0,0,0,0,WordPress
nash-ye/wp-reinstall-themes,User,1,Dead,40,1,6,0,0,0,0,WordPress
nate-allen/peerraiser,User,2,Dead,48,2,2779,3,3,4,0,WordPress
netgloo/get-tweets-in-php,Organization,1,Dead,7,1,14,0,0,0,0,WordPress
netzstrategen/wordpress-core-standards,Organization,3,Alive,66,17,148,66,4,409,249,WordPress
netzstrategen/wordpress-gallerya,Organization,3,Alive,58,16,152,77,0,366,213,WordPress
netzstrategen/wordpress-publishing-importer,Organization,2,Dead,27,2,47,0,0,0,0,WordPress
nevendyulgerov/wp_theme_options,User,1,Dead,4,1,59,0,0,0,0,WordPress
nextpay-ir/wordpress-file-download-payment-gateway,Organization,2,Dead,32,2,5,0,0,0,0,WordPress
nextpay-ir/wordpress-mycred-gateway-payment,Organization,2,Dead,1,2,3,0,0,0,0,WordPress
nextpay-ir/wordpress-paid-downloads-payment-gateway,Organization,2,Dead,11,2,6,0,0,0,0,WordPress
nextpay-ir/wordpress-woocommerce-nextpay-payment-gateway,Organization,2,Dead,34,2,16,0,0,0,0,WordPress
nfe/woo-nfe,Organization,3,Zombie,59,11,345,27,46,169,55,WordPress
nicholaskajoh/wp-energy-usage-calculator,User,2,Dead,28,2,15,1,1,6,0,WordPress
nielslange/smntcs-adobe-typekit-fonts,User,2,Dead,37,2,22,1,1,1,0,WordPress
nielslange/smntcs-bootstrap-modal,User,1,Dead,38,1,21,2,1,0,0,WordPress
nielslange/smntcs-disable-rest-api-user-endpoints,User,2,Alive,54,3,62,20,7,7,0,WordPress
nielslange/smntcs-google-analytics,User,2,Alive,61,3,41,15,5,5,0,WordPress
nielslange/smntcs-google-webmaster-tools,User,2,Alive,60,3,68,58,2,40,0,WordPress
nielslange/smntcs-pinterest-save-button,User,2,Alive,59,2,24,5,3,1,0,WordPress
nielslange/smntcs-shortcode-popup,User,1,Dead,45,1,11,1,4,0,0,WordPress
nielslange/smntcs-woocommerce-free-gift,User,2,Alive,62,3,52,29,7,1,0,WordPress
nirjharlo/complete-google-seo-scan,User,1,Dead,50,1,37,0,1,0,0,WordPress
noplanman/wp-otp,User,3,Dead,52,6,61,1,9,21,0,WordPress
nstaeger/cms-plugin-framework,User,1,Dead,16,1,38,0,2,0,0,WordPress
nstaeger/wp-post-email-notification,User,3,Zombie,64,7,103,1,17,3,0,WordPress
obstschale/bookmark-manager,User,3,Dead,30,6,21,0,32,71,0,WordPress
omacranger/wp-lazy-loaded-images,User,1,Dead,29,1,34,0,0,0,0,WordPress
ondrejd/odwp-devhelper,User,1,Dead,20,1,50,0,12,4,0,WordPress
oneall/social-login-wordpress,Organization,2,Dead,54,4,40,3,0,0,0,WordPress
oneall/social-sharing-wordpress,Organization,2,Dead,11,2,22,1,0,0,0,WordPress
orangelabweb/imagemagick-engine,Organization,3,Alive,59,8,66,21,5,10,5,WordPress
patrickrobrecht/extended-evaluation-for-statify,User,3,Alive,61,6,79,22,26,21,0,WordPress
patrickrobrecht/posts-and-users-stats,User,1,Alive,59,1,35,7,10,11,0,WordPress
petenelson/wp-rest-api-toolbox,User,2,Alive,60,5,157,25,19,7,0,WordPress
petermann/masks-form-fields,User,1,Alive,58,1,25,0,0,0,0,WordPress
petrozavodsky/bro_excerpt_length,User,1,Dead,24,1,17,0,0,0,0,WordPress
picocodes/ajax-live-search,User,2,Dead,29,2,26,1,1,4,0,WordPress
pierrechls/wc-min-max-quantities,User,1,Dead,0,1,3,0,0,0,0,WordPress
pierrechls/wp-forms,User,2,Dead,36,2,2,0,1,1,0,WordPress
pierrechls/wp-types,User,1,Dead,0,1,3,0,0,0,0,WordPress
pixelgrade/fonto,Organization,3,Alive,62,14,94,1,17,10,1,WordPress
pixelgrade/gridable,Organization,3,Alive,59,22,153,21,92,117,1,WordPress
pods-framework/pods-elasticpress,Organization,1,Dead,0,1,1,0,0,0,0,WordPress
provineet/vonage-systems,User,1,Dead,0,1,4,0,0,0,0,WordPress
pschfr/wp-plugins,User,1,Dead,16,1,18,0,0,0,0,WordPress
pyronaur/easy-photography-portfolio,User,3,Alive,58,14,725,11,11,71,11,WordPress
r-a-y/unlisted,User,3,Dead,57,6,11,1,6,21,0,WordPress
rafa-acioly/birthdate-celebrate,User,1,Dead,11,1,27,0,1,0,0,WordPress
rdlmda/hls-video-shortcode,User,2,Dead,10,2,5,0,5,3,0,WordPress
reubenlillie/manualmaker,User,1,Dead,12,1,48,0,0,0,0,WordPress
rock-solid/wordpress-progressive-web-apps,Organization,3,Dead,41,8,201,9,11,3,0,WordPress
roots/wp-password-bcrypt,Organization,3,Alive,67,41,44,16,13,87,2,WordPress
s3rgiosan/wpnetscope,User,1,Dead,31,1,19,1,2,2,0,WordPress
s3rgiosan/wpsmartlook,User,2,Alive,63,3,27,4,4,5,0,WordPress
samperrow/pre-party-browser-hints,User,2,Alive,59,5,606,59,7,39,0,WordPress
samsk/include-url,User,1,Dead,47,1,13,0,0,0,0,WordPress
samsk/wp-datatable,User,1,Dead,19,1,13,0,0,0,0,WordPress
satrya/smart-recent-posts-widget,User,2,Dead,54,2,16,0,5,1,0,WordPress
seb86/attachment-slugs,User,2,Dead,36,4,25,2,4,5,0,WordPress
sehrgutesoftware/wp-site-plugin,Organization,2,Dead,18,2,12,0,0,0,0,WordPress
severnbronies/severnbronies-plugins-2016,Organization,1,Dead,7,1,17,0,1,0,0,WordPress
sformisano/jetrouter,User,3,Alive,61,8,6,2,14,8,0,WordPress
sgtpep/woocommerce-1c,User,3,Alive,65,47,473,29,35,157,2,WordPress
shazic/loghorn,User,1,Dead,5,1,82,0,6,6,0,WordPress
sidharthmenon/shareit-locker,User,1,Dead,5,1,4,0,0,0,0,WordPress
singhleo/admin-menus-accessibility,User,2,Dead,24,5,17,3,1,3,0,WordPress
singleplatform-eng/wordpress-plugin,Organization,2,Dead,11,3,50,9,0,8,0,WordPress
skaut/skautis-integration,Organization,3,Alive,67,16,351,36,102,294,1,WordPress
sketchbuch/sb_portfolio,User,1,Dead,9,1,8,0,0,0,0,WordPress
sketchbuch/sb_subpages,User,1,Dead,4,0,12,0,0,0,0,WordPress
snagshout/snagshout-wordpress,Organization,1,Dead,3,1,64,2,0,5,1,WordPress
soberwp/intervention,Organization,3,Alive,60,49,291,43,47,256,9,WordPress
speedyprem/wordpress,User,1,Alive,60,1,15,0,0,0,0,WordPress
stayallive/wp-sentry,User,3,Alive,69,102,328,36,66,385,41,WordPress
stephenyeargin/wp-dark-sky-weather,User,1,Dead,0,1,5,2,4,0,0,WordPress
stephenyeargin/wp-mytunes,User,1,Dead,0,0,1,0,0,0,0,WordPress
stephenyeargin/wp-mytwitterstatus,User,1,Dead,0,1,3,0,0,0,0,WordPress
stevegrunwell/advanced-post-excerpt,User,2,Alive,65,2,111,45,7,36,0,WordPress
stevegrunwell/mcavoy,User,1,Dead,12,1,136,0,27,9,0,WordPress
stevegrunwell/schemify,User,3,Dead,23,6,174,4,11,16,3,WordPress
stevegrunwell/wp404,User,2,Dead,19,4,43,2,6,6,0,WordPress
stklcode/statify-blacklist,User,2,Alive,59,4,154,9,20,9,0,WordPress
strangerstudios/memberlite-shortcodes,Organization,3,Alive,64,8,140,22,14,14,2,WordPress
straube/multiple-domain,User,3,Alive,57,48,199,23,59,174,10,WordPress
styladev/plugin-wordpress,Organization,3,Dead,39,7,66,8,2,1,2,WordPress
swissspidy/preferred-languages,User,3,Alive,63,30,607,343,59,598,7,WordPress
szelpe/woocommerce-barion,User,3,Alive,64,28,160,6,41,70,3,WordPress
taniot/old-gravityforms-to-mailup,User,2,Alive,57,5,32,1,7,12,0,WordPress
tarosky/tscf,Organization,3,Zombie,66,6,58,6,5,12,2,WordPress
teamgate/wordpress-plugin,Organization,1,Dead,1,1,13,0,0,0,0,WordPress
techies23/video-conference-zoom,User,3,Alive,67,6,447,48,0,1,0,WordPress
tectonic/sso-awardforce-wordpress,Organization,2,Alive,60,5,38,2,0,20,13,WordPress
thebrandonallen/wp-fail2ban-redux,User,3,Alive,61,18,176,8,17,34,0,WordPress
thefrosty/wp-featured-image-column,User,1,Dead,31,1,33,0,0,0,0,WordPress
themarcusbattle/press-sync,User,3,Zombie,59,12,391,37,12,121,113,WordPress
thewebsitedev/twd-mce-button,User,2,Dead,22,4,6,0,3,12,0,WordPress
thewirelessguy/advanced-custom-menu-widget,User,1,Dead,0,1,2,0,0,0,0,WordPress
thoughtsideas/ti-security,Organization,1,Alive,62,1,16,1,0,0,0,WordPress
thoughtsideas/ti-subtitle,Organization,1,Dead,0,1,3,1,0,0,0,WordPress
thoughtsideas/ti-wordpress-seo,Organization,1,Dead,34,1,21,7,0,0,0,WordPress
tillkruss/email-encoder,User,3,Alive,56,10,159,5,9,59,4,WordPress
tottaz/wp-thor-url-shortener,User,1,Dead,35,1,7,0,0,0,0,WordPress
tpay-com/tpay-woocommerce-2,Organization,2,Dead,43,2,11,1,0,1,0,WordPress
udx/wp-github-wiki,Organization,1,Dead,17,1,7,0,0,0,0,WordPress
udx/wp-rets-client,Organization,3,Dead,55,25,7827,1,10,12,0,WordPress
ufclas/ufclas-myit,Organization,1,Dead,9,1,5,0,0,0,0,WordPress
usmanaliqureshi/server-info,User,2,Alive,65,4,68,6,0,0,0,WordPress
valeriu/analytics-tracker,User,2,Alive,64,3,40,2,1,1,0,WordPress
varunsridharan/wc-product-subtitle,User,3,Alive,65,30,89,4,31,107,0,WordPress
vikas5914/woo-atom-payment-gateway,User,3,Dead,33,8,6,4,2,11,0,WordPress
wearerequired/custom-menu-item-types,Organization,2,Alive,58,4,56,3,21,27,9,WordPress
wearerequired/custom-meta-boxes-mu-loader,Organization,2,Dead,14,2,7,0,1,0,0,WordPress
wearerequired/register-default-theme-directory,Organization,2,Dead,32,3,15,0,2,1,0,WordPress
wearerequired/rest-likes,Organization,3,Alive,58,9,256,84,53,195,91,WordPress
wearerequired/wp-requirements-check,Organization,3,Dead,56,7,23,2,8,15,5,WordPress
webdesignermall/wordpress-udemy-code-snippets,User,1,Dead,23,1,3,0,0,0,0,WordPress
webmandesign/rename-taxonomies,User,1,Dead,38,1,5,0,0,0,0,WordPress
webmandesign/rtl-tester-mirror,User,1,Dead,0,1,7,0,0,0,0,WordPress
webmandesign/webman-templates,User,1,Dead,24,1,39,0,0,0,0,WordPress
webvitalii/filenames-to-latin,User,3,Dead,53,10,26,5,3,14,0,WordPress
webvitalii/sitekit,User,1,Dead,23,1,50,0,18,0,0,WordPress
wedevelopmx/packtospain,Organization,1,Dead,0,1,2,0,0,0,0,WordPress
willi-dev/vc_extender,User,1,Dead,0,1,34,0,0,0,0,WordPress
wnet-ieg-2/pbs-passport-authenticate,Organization,3,Alive,68,6,626,3,10,24,0,WordPress
wp-graphql/wp-graphql,Organization,3,Alive,59,932,3742,1029,1037,6317,1127,WordPress
wp-media/wp-rocket,Organization,3,Alive,70,848,8045,1855,2523,11640,4219,WordPress
wpengine/phpcompat,Organization,3,Alive,69,203,646,110,187,373,89,WordPress
wpmetabox/mb-rest-api,Organization,3,Dead,56,13,57,5,8,29,2,WordPress
wpscholar-wp-plugins/mpress-custom-front-page,Organization,2,Alive,62,4,37,6,6,5,2,WordPress
wpshopify/wp-shopify,Organization,3,Zombie,50,23,204,2,120,114,0,WordPress
wpup/content-menu,Organization,2,Dead,36,3,40,1,2,2,0,WordPress
wxsms/baidu-submit-for-wordpress,User,1,Dead,1,1,20,0,0,0,0,WordPress
xylusthemes/wp-bulk-delete,Organization,2,Alive,57,4,45,9,2,1,1,WordPress
yeswework/fabrica-dev-kit,Organization,3,Alive,65,29,595,5,37,125,0,WordPress
yoanmarchal/address-plugin,User,2,Alive,58,3,23,5,1,1,0,WordPress
yoanmarchal/faq-plugin,User,2,Alive,60,3,35,3,0,1,0,WordPress
yoanmarchal/map-plugin,User,3,Alive,60,6,72,26,0,1,0,WordPress
yoanmarchal/partenaires,User,2,Dead,53,2,18,2,0,0,0,WordPress
yoanmarchal/social-link-plugin,User,2,Alive,60,4,19,8,0,2,0,WordPress
zentala/woocommerce-getresponse-sync,User,1,Dead,49,1,7,0,0,0,0,WordPress